[
  {
    "_id": "592735a97bda2a491fe4e812",
    "gender": "male",
    "birthday": "1962-08-22T02:24:16.000Z",
    "name": {
      "first": "flenn",
      "last": "butler"
    },
    "__v": 0
  },
  {
    "_id": "592735a97bda2a491fe4e813",
    "gender": "male",
    "birthday": "1995-03-28T13:03:51.000Z",
    "name": {
      "first": "chris",
      "last": "patterson"
    },
    "__v": 0
  },
  {
    "_id": "592735a97bda2a491fe4e814",
    "gender": "female",
    "birthday": "1967-07-15T09:29:12.000Z",
    "name": {
      "first": "meghan",
      "last": "austin"
    },
    "__v": 0
  },
  {
    "_id": "592735a97bda2a491fe4e815",
    "gender": "female",
    "birthday": "1945-04-20T15:22:39.000Z",
    "name": {
      "first": "lori",
      "last": "walker"
    },
    "__v": 0
  },
  {
    "_id": "592735a97bda2a491fe4e816",
    "gender": "male",
    "birthday": "1952-03-09T18:21:35.000Z",
    "name": {
      "first": "lance",
      "last": "newman"
    },
    "__v": 0
  },
  {
    "_id": "592735a97bda2a491fe4e817",
    "gender": "male",
    "birthday": "1990-11-30T00:56:15.000Z",
    "name": {
      "first": "marvin",
      "last": "garcia"
    },
    "__v": 0
  },
  {
    "_id": "592735a97bda2a491fe4e818",
    "gender": "female",
    "birthday": "1966-07-23T19:43:20.000Z",
    "name": {
      "first": "esther",
      "last": "reid"
    },
    "__v": 0
  },
  {
    "_id": "592735a97bda2a491fe4e819",
    "gender": "female",
    "birthday": "1958-10-18T14:36:35.000Z",
    "name": {
      "first": "kim",
      "last": "larson"
    },
    "__v": 0
  },
  {
    "_id": "592735a97bda2a491fe4e81a",
    "gender": "male",
    "birthday": "1989-04-23T07:07:06.000Z",
    "name": {
      "first": "edgar",
      "last": "terry"
    },
    "__v": 0
  },
  {
    "_id": "592735a97bda2a491fe4e81b",
    "gender": "male",
    "birthday": "1988-03-08T17:44:57.000Z",
    "name": {
      "first": "carl",
      "last": "welch"
    },
    "__v": 0
  },
  {
    "_id": "592735aa7bda2a491fe4e81c",
    "gender": "male",
    "birthday": "1954-03-25T21:02:35.000Z",
    "name": {
      "first": "richard",
      "last": "daniels"
    },
    "__v": 0
  },
  {
    "_id": "592735aa7bda2a491fe4e81d",
    "gender": "female",
    "birthday": "1985-06-11T23:39:47.000Z",
    "name": {
      "first": "mildred",
      "last": "taylor"
    },
    "__v": 0
  },
  {
    "_id": "592735aa7bda2a491fe4e81e",
    "gender": "male",
    "birthday": "1977-07-09T19:33:49.000Z",
    "name": {
      "first": "ivan",
      "last": "gregory"
    },
    "__v": 0
  },
  {
    "_id": "592735aa7bda2a491fe4e81f",
    "gender": "male",
    "birthday": "1956-11-28T22:13:29.000Z",
    "name": {
      "first": "jimmy",
      "last": "spencer"
    },
    "__v": 0
  },
  {
    "_id": "592735aa7bda2a491fe4e820",
    "gender": "female",
    "birthday": "1987-01-07T09:14:56.000Z",
    "name": {
      "first": "hannah",
      "last": "myers"
    },
    "__v": 0
  },
  {
    "_id": "592735e5705b64492aa21b70",
    "gender": "female",
    "birthday": "1979-07-21T04:53:23.000Z",
    "name": {
      "first": "julie",
      "last": "prescott"
    },
    "__v": 0
  },
  {
    "_id": "592735e5705b64492aa21b71",
    "gender": "female",
    "birthday": "1966-12-17T14:24:01.000Z",
    "name": {
      "first": "cherly",
      "last": "larson"
    },
    "__v": 0
  },
  {
    "_id": "592735e5705b64492aa21b72",
    "gender": "female",
    "birthday": "1985-10-31T19:57:54.000Z",
    "name": {
      "first": "vera",
      "last": "flores"
    },
    "__v": 0
  },
  {
    "_id": "592735e5705b64492aa21b73",
    "gender": "male",
    "birthday": "1957-07-22T21:29:47.000Z",
    "name": {
      "first": "julio",
      "last": "obrien"
    },
    "__v": 0
  },
  {
    "_id": "592735e5705b64492aa21b74",
    "gender": "female",
    "birthday": "1963-02-02T03:54:12.000Z",
    "name": {
      "first": "olivia",
      "last": "curtis"
    },
    "__v": 0
  },
  {
    "_id": "592735e5705b64492aa21b75",
    "gender": "male",
    "birthday": "1974-12-28T09:38:45.000Z",
    "name": {
      "first": "gordon",
      "last": "king"
    },
    "__v": 0
  },
  {
    "_id": "592735e5705b64492aa21b76",
    "gender": "female",
    "birthday": "1991-04-01T18:51:57.000Z",
    "name": {
      "first": "carrie",
      "last": "burke"
    },
    "__v": 0
  },
  {
    "_id": "592735e5705b64492aa21b77",
    "gender": "male",
    "birthday": "1983-07-27T12:47:50.000Z",
    "name": {
      "first": "salvador",
      "last": "bailey"
    },
    "__v": 0
  },
  {
    "_id": "592735e5705b64492aa21b78",
    "gender": "female",
    "birthday": "1952-03-04T16:03:54.000Z",
    "name": {
      "first": "marsha",
      "last": "shelton"
    },
    "__v": 0
  },
  {
    "_id": "592735e5705b64492aa21b79",
    "gender": "female",
    "birthday": "1974-03-10T04:22:24.000Z",
    "name": {
      "first": "addison",
      "last": "payne"
    },
    "__v": 0
  },
  {
    "_id": "592735e5705b64492aa21b7a",
    "gender": "female",
    "birthday": "1985-07-27T10:30:56.000Z",
    "name": {
      "first": "vanessa",
      "last": "cook"
    },
    "__v": 0
  },
  {
    "_id": "592735e5705b64492aa21b7b",
    "gender": "female",
    "birthday": "1967-07-16T16:57:35.000Z",
    "name": {
      "first": "alyssa",
      "last": "allen"
    },
    "__v": 0
  },
  {
    "_id": "592735e5705b64492aa21b7c",
    "gender": "female",
    "birthday": "1991-12-09T19:23:04.000Z",
    "name": {
      "first": "tiffany",
      "last": "barnes"
    },
    "__v": 0
  },
  {
    "_id": "592735e6705b64492aa21b7d",
    "gender": "male",
    "birthday": "1991-01-22T12:46:39.000Z",
    "name": {
      "first": "darryl",
      "last": "rose"
    },
    "__v": 0
  },
  {
    "_id": "592735e6705b64492aa21b7e",
    "gender": "male",
    "birthday": "1977-10-08T18:49:39.000Z",
    "name": {
      "first": "matthew",
      "last": "carter"
    },
    "__v": 0
  },
  {
    "_id": "592735e6705b64492aa21b7f",
    "gender": "female",
    "birthday": "1963-02-06T06:56:07.000Z",
    "name": {
      "first": "joan",
      "last": "griffin"
    },
    "__v": 0
  },
  {
    "_id": "592735e6705b64492aa21b80",
    "gender": "female",
    "birthday": "1956-02-12T21:32:56.000Z",
    "name": {
      "first": "dolores",
      "last": "turner"
    },
    "__v": 0
  },
  {
    "_id": "592735e6705b64492aa21b81",
    "gender": "female",
    "birthday": "1967-10-28T11:07:42.000Z",
    "name": {
      "first": "annie",
      "last": "simpson"
    },
    "__v": 0
  },
  {
    "_id": "592735e6705b64492aa21b82",
    "gender": "female",
    "birthday": "1991-07-20T01:09:10.000Z",
    "name": {
      "first": "jamie",
      "last": "medina"
    },
    "__v": 0
  },
  {
    "_id": "592735f0b8194b4933b661f9",
    "gender": "female",
    "birthday": "1946-06-11T20:16:58.000Z",
    "name": {
      "first": "roberta",
      "last": "anderson"
    },
    "__v": 0
  },
  {
    "_id": "592735f0b8194b4933b661fa",
    "gender": "male",
    "birthday": "1952-02-11T14:38:18.000Z",
    "name": {
      "first": "claude",
      "last": "barnett"
    },
    "__v": 0
  },
  {
    "_id": "592735f0b8194b4933b661fb",
    "gender": "male",
    "birthday": "1962-07-12T11:20:43.000Z",
    "name": {
      "first": "alfredo",
      "last": "bryant"
    },
    "__v": 0
  },
  {
    "_id": "592735f0b8194b4933b661fc",
    "gender": "male",
    "birthday": "1945-04-02T01:19:12.000Z",
    "name": {
      "first": "ivan",
      "last": "pearson"
    },
    "__v": 0
  },
  {
    "_id": "592735f0b8194b4933b661fd",
    "gender": "female",
    "birthday": "1993-05-22T01:28:37.000Z",
    "name": {
      "first": "jessie",
      "last": "hall"
    },
    "__v": 0
  },
  {
    "_id": "592735f0b8194b4933b661fe",
    "gender": "female",
    "birthday": "1945-06-21T05:47:01.000Z",
    "name": {
      "first": "cherly",
      "last": "marshall"
    },
    "__v": 0
  },
  {
    "_id": "592735f7ff1b3b493cdd814e",
    "gender": "male",
    "birthday": "1974-02-08T04:42:50.000Z",
    "name": {
      "first": "lucas",
      "last": "jordan"
    },
    "__v": 0
  },
  {
    "_id": "592735fde534444945481ecb",
    "gender": "male",
    "birthday": "1981-10-12T13:28:32.000Z",
    "name": {
      "first": "micheal",
      "last": "brown"
    },
    "__v": 0
  },
  {
    "_id": "592735ffa6f30e494fc28012",
    "gender": "female",
    "birthday": "1960-07-01T18:24:01.000Z",
    "name": {
      "first": "peggy",
      "last": "gray"
    },
    "__v": 0
  },
  {
    "_id": "59273602c396884958d8c6a5",
    "gender": "female",
    "birthday": "1948-04-06T10:01:44.000Z",
    "name": {
      "first": "elizabeth",
      "last": "arnold"
    },
    "__v": 0
  },
  {
    "_id": "59273605bb2b694961be2e40",
    "gender": "female",
    "birthday": "1995-02-02T01:25:58.000Z",
    "name": {
      "first": "peyton",
      "last": "reyes"
    },
    "__v": 0
  },
  {
    "_id": "59273605bb2b694961be2e41",
    "gender": "male",
    "birthday": "1954-12-17T00:13:14.000Z",
    "name": {
      "first": "perry",
      "last": "holmes"
    },
    "__v": 0
  },
  {
    "_id": "59273605bb2b694961be2e42",
    "gender": "female",
    "birthday": "1974-09-22T00:07:21.000Z",
    "name": {
      "first": "penny",
      "last": "matthews"
    },
    "__v": 0
  },
  {
    "_id": "59273608608c74496af0863a",
    "gender": "male",
    "birthday": "1987-08-30T23:21:44.000Z",
    "name": {
      "first": "darrell",
      "last": "graham"
    },
    "__v": 0
  },
  {
    "_id": "5927360b3bee02497329657e",
    "gender": "female",
    "birthday": "1952-08-15T17:59:18.000Z",
    "name": {
      "first": "april",
      "last": "carroll"
    },
    "__v": 0
  },
  {
    "_id": "5927360b3bee02497329657f",
    "gender": "male",
    "birthday": "1976-08-17T06:51:39.000Z",
    "name": {
      "first": "corey",
      "last": "banks"
    },
    "__v": 0
  },
  {
    "_id": "5927360b3bee024973296580",
    "gender": "female",
    "birthday": "1953-09-02T12:57:16.000Z",
    "name": {
      "first": "alice",
      "last": "fernandez"
    },
    "__v": 0
  },
  {
    "_id": "5927360e13e627497c838607",
    "gender": "male",
    "birthday": "1984-01-07T00:36:24.000Z",
    "name": {
      "first": "darryl",
      "last": "bryant"
    },
    "__v": 0
  },
  {
    "_id": "59273616cd25054985a387f4",
    "gender": "female",
    "birthday": "1960-12-25T07:27:47.000Z",
    "name": {
      "first": "sharlene",
      "last": "chavez"
    },
    "__v": 0
  },
  {
    "_id": "59273616cd25054985a387f5",
    "gender": "male",
    "birthday": "1992-10-26T18:39:39.000Z",
    "name": {
      "first": "alexander",
      "last": "williams"
    },
    "__v": 0
  },
  {
    "_id": "59273616cd25054985a387f6",
    "gender": "male",
    "birthday": "1994-01-22T11:07:18.000Z",
    "name": {
      "first": "clarence",
      "last": "little"
    },
    "__v": 0
  },
  {
    "_id": "592737ade2511049b279a927",
    "gender": "female",
    "birthday": "1984-07-24T17:21:26.000Z",
    "name": {
      "first": "ana",
      "last": "roberts"
    },
    "__v": 0
  },
  {
    "_id": "592737bcc5cc7b49bbb86e88",
    "gender": "male",
    "birthday": "1969-12-03T02:27:05.000Z",
    "name": {
      "first": "arthur",
      "last": "neal"
    },
    "__v": 0
  },
  {
    "_id": "592737bcc5cc7b49bbb86e89",
    "gender": "female",
    "birthday": "1959-01-04T04:03:25.000Z",
    "name": {
      "first": "susan",
      "last": "brooks"
    },
    "__v": 0
  },
  {
    "_id": "5927382c43caa549d135794a",
    "gender": "male",
    "birthday": "1988-08-15T20:56:03.000Z",
    "name": {
      "first": "jar",
      "last": "hunt"
    },
    "__v": 0
  },
  {
    "_id": "5927382c43caa549d135794b",
    "gender": "female",
    "birthday": "1956-09-29T06:43:43.000Z",
    "name": {
      "first": "erika",
      "last": "willis"
    },
    "__v": 0
  },
  {
    "_id": "5927382c43caa549d135794c",
    "gender": "male",
    "birthday": "1958-01-23T21:04:03.000Z",
    "name": {
      "first": "terry",
      "last": "fisher"
    },
    "__v": 0
  },
  {
    "_id": "5927382c43caa549d135794d",
    "gender": "male",
    "birthday": "1977-12-04T20:20:41.000Z",
    "name": {
      "first": "dale",
      "last": "perez"
    },
    "__v": 0
  },
  {
    "_id": "5927382c43caa549d135794e",
    "gender": "female",
    "birthday": "1966-02-21T08:11:03.000Z",
    "name": {
      "first": "shannon",
      "last": "miller"
    },
    "__v": 0
  },
  {
    "_id": "592738f61ebef849ed13593b",
    "gender": "male",
    "birthday": "1979-05-13T04:38:19.000Z",
    "name": {
      "first": "tyrone",
      "last": "crawford"
    },
    "__v": 0
  },
  {
    "_id": "592738f61ebef849ed13593c",
    "gender": "female",
    "birthday": "1958-05-25T09:15:37.000Z",
    "name": {
      "first": "jennie",
      "last": "king"
    },
    "__v": 0
  },
  {
    "_id": "59273904d3ee6649f6cfed6f",
    "gender": "male",
    "birthday": "1977-08-29T00:01:53.000Z",
    "name": {
      "first": "juan",
      "last": "carroll"
    },
    "__v": 0
  },
  {
    "_id": "59273904d3ee6649f6cfed70",
    "gender": "female",
    "birthday": "1980-06-13T01:54:07.000Z",
    "name": {
      "first": "robin",
      "last": "howard"
    },
    "__v": 0
  },
  {
    "_id": "59273947e2c6994a03ffa2c1",
    "gender": "female",
    "birthday": "1976-05-04T16:10:38.000Z",
    "name": {
      "first": "audrey",
      "last": "oliver"
    },
    "__v": 0
  },
  {
    "_id": "5927395397f1e44a0d693d88",
    "gender": "female",
    "birthday": "1965-08-24T16:37:56.000Z",
    "name": {
      "first": "natalie",
      "last": "hunt"
    },
    "__v": 0
  },
  {
    "_id": "59273a1759bece4a497e01c6",
    "gender": "female",
    "birthday": "1968-11-13T06:40:34.000Z",
    "name": {
      "first": "debra",
      "last": "lynch"
    },
    "__v": 0
  },
  {
    "_id": "59273a69c35fb94a563e7a6b",
    "gender": "male",
    "birthday": "1991-01-26T01:42:43.000Z",
    "name": {
      "first": "curtis",
      "last": "pearson"
    },
    "__v": 0
  },
  {
    "_id": "59273a6cc35fb94a563e7a6c",
    "gender": "female",
    "birthday": "1954-05-06T00:08:11.000Z",
    "name": {
      "first": "charlene",
      "last": "peters"
    },
    "__v": 0
  },
  {
    "_id": "59273a7690347f4a60740fce",
    "gender": "male",
    "birthday": "1970-01-29T23:19:50.000Z",
    "name": {
      "first": "alan",
      "last": "may"
    },
    "__v": 0
  },
  {
    "_id": "59273a7690347f4a60740fcf",
    "gender": "female",
    "birthday": "1951-04-27T09:46:31.000Z",
    "name": {
      "first": "candice",
      "last": "hansen"
    },
    "__v": 0
  },
  {
    "_id": "59273a7690347f4a60740fd0",
    "gender": "female",
    "birthday": "1968-08-11T12:09:48.000Z",
    "name": {
      "first": "sherry",
      "last": "lawson"
    },
    "__v": 0
  },
  {
    "_id": "59273a7790347f4a60740fd1",
    "gender": "male",
    "birthday": "1981-02-17T11:56:51.000Z",
    "name": {
      "first": "willard",
      "last": "berry"
    },
    "__v": 0
  },
  {
    "_id": "59273a7790347f4a60740fd2",
    "gender": "male",
    "birthday": "1948-03-18T03:18:03.000Z",
    "name": {
      "first": "darrell",
      "last": "weaver"
    },
    "__v": 0
  },
  {
    "_id": "59273a7790347f4a60740fd3",
    "gender": "female",
    "birthday": "1949-03-27T10:10:17.000Z",
    "name": {
      "first": "stacy",
      "last": "cook"
    },
    "__v": 0
  },
  {
    "_id": "59273a7890347f4a60740fd4",
    "gender": "male",
    "birthday": "1976-08-06T03:41:11.000Z",
    "name": {
      "first": "jerry",
      "last": "jennings"
    },
    "__v": 0
  },
  {
    "_id": "59273a7890347f4a60740fd5",
    "gender": "female",
    "birthday": "1949-03-01T13:22:49.000Z",
    "name": {
      "first": "phyllis",
      "last": "carlson"
    },
    "__v": 0
  },
  {
    "_id": "59273a7890347f4a60740fd6",
    "gender": "male",
    "birthday": "1978-07-10T16:33:31.000Z",
    "name": {
      "first": "wayne",
      "last": "dixon"
    },
    "__v": 0
  },
  {
    "_id": "59273a7990347f4a60740fd7",
    "gender": "male",
    "birthday": "1980-09-05T14:57:42.000Z",
    "name": {
      "first": "david",
      "last": "ruiz"
    },
    "__v": 0
  },
  {
    "_id": "59273a7990347f4a60740fd8",
    "gender": "male",
    "birthday": "1972-07-13T21:50:21.000Z",
    "name": {
      "first": "ken",
      "last": "armstrong"
    },
    "__v": 0
  },
  {
    "_id": "59273a7990347f4a60740fd9",
    "gender": "female",
    "birthday": "1947-06-07T01:12:36.000Z",
    "name": {
      "first": "candice",
      "last": "chapman"
    },
    "__v": 0
  },
  {
    "_id": "59273a7a90347f4a60740fda",
    "gender": "male",
    "birthday": "1956-01-22T13:02:51.000Z",
    "name": {
      "first": "todd",
      "last": "wells"
    },
    "__v": 0
  },
  {
    "_id": "59273a7a90347f4a60740fdb",
    "gender": "male",
    "birthday": "1977-04-29T22:19:29.000Z",
    "name": {
      "first": "dwight",
      "last": "cooper"
    },
    "__v": 0
  },
  {
    "_id": "59273a7a90347f4a60740fdc",
    "gender": "male",
    "birthday": "1962-07-03T09:36:16.000Z",
    "name": {
      "first": "corey",
      "last": "watkins"
    },
    "__v": 0
  },
  {
    "_id": "59273a7b90347f4a60740fdd",
    "gender": "male",
    "birthday": "1961-01-03T03:06:24.000Z",
    "name": {
      "first": "travis",
      "last": "knight"
    },
    "__v": 0
  },
  {
    "_id": "59273a7b90347f4a60740fde",
    "gender": "female",
    "birthday": "1970-11-25T04:21:06.000Z",
    "name": {
      "first": "victoria",
      "last": "rogers"
    },
    "__v": 0
  },
  {
    "_id": "59273a7b90347f4a60740fdf",
    "gender": "female",
    "birthday": "1964-11-03T02:49:43.000Z",
    "name": {
      "first": "lorraine",
      "last": "mitchell"
    },
    "__v": 0
  },
  {
    "_id": "59273a7c90347f4a60740fe0",
    "gender": "male",
    "birthday": "1980-03-17T00:00:23.000Z",
    "name": {
      "first": "brennan",
      "last": "sanchez"
    },
    "__v": 0
  },
  {
    "_id": "59273a7c90347f4a60740fe1",
    "gender": "male",
    "birthday": "1954-11-30T10:40:37.000Z",
    "name": {
      "first": "alfredo",
      "last": "bell"
    },
    "__v": 0
  },
  {
    "_id": "59273a7c90347f4a60740fe2",
    "gender": "male",
    "birthday": "1973-04-05T11:19:40.000Z",
    "name": {
      "first": "glen",
      "last": "alvarez"
    },
    "__v": 0
  },
  {
    "_id": "59273a7d90347f4a60740fe3",
    "gender": "male",
    "birthday": "1946-10-21T17:37:38.000Z",
    "name": {
      "first": "zack",
      "last": "horton"
    },
    "__v": 0
  },
  {
    "_id": "59273a7d90347f4a60740fe4",
    "gender": "male",
    "birthday": "1963-06-06T15:18:36.000Z",
    "name": {
      "first": "todd",
      "last": "coleman"
    },
    "__v": 0
  },
  {
    "_id": "59273a7d90347f4a60740fe5",
    "gender": "male",
    "birthday": "1994-07-14T02:33:55.000Z",
    "name": {
      "first": "roger",
      "last": "cruz"
    },
    "__v": 0
  },
  {
    "_id": "59273a7e90347f4a60740fe6",
    "gender": "female",
    "birthday": "1947-10-02T14:28:08.000Z",
    "name": {
      "first": "pauline",
      "last": "ward"
    },
    "__v": 0
  },
  {
    "_id": "59273a7e90347f4a60740fe7",
    "gender": "female",
    "birthday": "1966-05-31T09:48:15.000Z",
    "name": {
      "first": "regina",
      "last": "silva"
    },
    "__v": 0
  },
  {
    "_id": "59273a7e90347f4a60740fe8",
    "gender": "male",
    "birthday": "1991-05-17T09:10:40.000Z",
    "name": {
      "first": "luis",
      "last": "perkins"
    },
    "__v": 0
  },
  {
    "_id": "59273a7f90347f4a60740fe9",
    "gender": "female",
    "birthday": "1965-06-25T00:07:26.000Z",
    "name": {
      "first": "miriam",
      "last": "harper"
    },
    "__v": 0
  },
  {
    "_id": "59273a7f90347f4a60740fea",
    "gender": "female",
    "birthday": "1977-03-18T23:58:17.000Z",
    "name": {
      "first": "gwendolyn",
      "last": "boyd"
    },
    "__v": 0
  },
  {
    "_id": "59273a7f90347f4a60740feb",
    "gender": "female",
    "birthday": "1963-02-02T00:23:28.000Z",
    "name": {
      "first": "kitty",
      "last": "duncan"
    },
    "__v": 0
  },
  {
    "_id": "59273a8090347f4a60740fec",
    "gender": "female",
    "birthday": "1975-11-11T14:08:05.000Z",
    "name": {
      "first": "melanie",
      "last": "caldwell"
    },
    "__v": 0
  },
  {
    "_id": "59273a8090347f4a60740fed",
    "gender": "female",
    "birthday": "1954-06-10T10:14:27.000Z",
    "name": {
      "first": "terry",
      "last": "duncan"
    },
    "__v": 0
  },
  {
    "_id": "59273a8090347f4a60740fee",
    "gender": "female",
    "birthday": "1979-12-04T10:05:30.000Z",
    "name": {
      "first": "carole",
      "last": "hoffman"
    },
    "__v": 0
  },
  {
    "_id": "59273a8190347f4a60740fef",
    "gender": "female",
    "birthday": "1946-06-18T08:22:35.000Z",
    "name": {
      "first": "megan",
      "last": "hawkins"
    },
    "__v": 0
  },
  {
    "_id": "59273a8190347f4a60740ff0",
    "gender": "male",
    "birthday": "1963-02-18T05:55:50.000Z",
    "name": {
      "first": "julian",
      "last": "silva"
    },
    "__v": 0
  },
  {
    "_id": "59273a8190347f4a60740ff1",
    "gender": "male",
    "birthday": "1952-05-10T04:14:28.000Z",
    "name": {
      "first": "bradley",
      "last": "james"
    },
    "__v": 0
  },
  {
    "_id": "59273a8290347f4a60740ff2",
    "gender": "male",
    "birthday": "1987-02-01T06:54:42.000Z",
    "name": {
      "first": "dave",
      "last": "wilson"
    },
    "__v": 0
  },
  {
    "_id": "59273a8290347f4a60740ff3",
    "gender": "male",
    "birthday": "1961-01-22T00:35:35.000Z",
    "name": {
      "first": "melvin",
      "last": "frazier"
    },
    "__v": 0
  },
  {
    "_id": "59273a8290347f4a60740ff4",
    "gender": "male",
    "birthday": "1953-01-21T01:28:26.000Z",
    "name": {
      "first": "franklin",
      "last": "pierce"
    },
    "__v": 0
  },
  {
    "_id": "59273a8390347f4a60740ff5",
    "gender": "male",
    "birthday": "1985-05-09T14:47:00.000Z",
    "name": {
      "first": "rick",
      "last": "phillips"
    },
    "__v": 0
  },
  {
    "_id": "59273a8390347f4a60740ff6",
    "gender": "male",
    "birthday": "1976-03-29T08:26:49.000Z",
    "name": {
      "first": "morris",
      "last": "elliott"
    },
    "__v": 0
  },
  {
    "_id": "59273a8390347f4a60740ff7",
    "gender": "male",
    "birthday": "1987-11-07T03:03:49.000Z",
    "name": {
      "first": "same",
      "last": "hunt"
    },
    "__v": 0
  },
  {
    "_id": "59273a8490347f4a60740ff8",
    "gender": "male",
    "birthday": "1981-11-23T05:40:53.000Z",
    "name": {
      "first": "austin",
      "last": "hopkins"
    },
    "__v": 0
  },
  {
    "_id": "59273a8490347f4a60740ff9",
    "gender": "male",
    "birthday": "1965-07-10T13:26:11.000Z",
    "name": {
      "first": "vincent",
      "last": "taylor"
    },
    "__v": 0
  },
  {
    "_id": "59273a8490347f4a60740ffa",
    "gender": "female",
    "birthday": "1945-05-18T20:12:14.000Z",
    "name": {
      "first": "mia",
      "last": "shaw"
    },
    "__v": 0
  },
  {
    "_id": "59273a8590347f4a60740ffb",
    "gender": "male",
    "birthday": "1957-06-09T07:34:27.000Z",
    "name": {
      "first": "clayton",
      "last": "lawrence"
    },
    "__v": 0
  },
  {
    "_id": "59273a8590347f4a60740ffc",
    "gender": "male",
    "birthday": "1984-09-20T15:45:03.000Z",
    "name": {
      "first": "jeffrey",
      "last": "harvey"
    },
    "__v": 0
  },
  {
    "_id": "59273a8590347f4a60740ffd",
    "gender": "female",
    "birthday": "1963-01-29T10:53:19.000Z",
    "name": {
      "first": "kristin",
      "last": "burke"
    },
    "__v": 0
  },
  {
    "_id": "59273a8690347f4a60740ffe",
    "gender": "female",
    "birthday": "1974-01-27T03:51:06.000Z",
    "name": {
      "first": "tanya",
      "last": "may"
    },
    "__v": 0
  },
  {
    "_id": "59273a8690347f4a60740fff",
    "gender": "male",
    "birthday": "1989-11-07T03:01:03.000Z",
    "name": {
      "first": "justin",
      "last": "white"
    },
    "__v": 0
  },
  {
    "_id": "59273a8690347f4a60741000",
    "gender": "male",
    "birthday": "1981-09-07T03:50:28.000Z",
    "name": {
      "first": "eli",
      "last": "little"
    },
    "__v": 0
  },
  {
    "_id": "59273a8790347f4a60741001",
    "gender": "male",
    "birthday": "1960-10-31T23:48:34.000Z",
    "name": {
      "first": "armando",
      "last": "thomas"
    },
    "__v": 0
  },
  {
    "_id": "59273a8790347f4a60741002",
    "gender": "female",
    "birthday": "1945-06-05T04:08:25.000Z",
    "name": {
      "first": "camila",
      "last": "castro"
    },
    "__v": 0
  },
  {
    "_id": "59273a8790347f4a60741003",
    "gender": "male",
    "birthday": "1973-07-23T14:24:27.000Z",
    "name": {
      "first": "leonard",
      "last": "frazier"
    },
    "__v": 0
  },
  {
    "_id": "59273a8890347f4a60741004",
    "gender": "male",
    "birthday": "1989-05-02T19:16:11.000Z",
    "name": {
      "first": "hector",
      "last": "kelley"
    },
    "__v": 0
  },
  {
    "_id": "59273a8890347f4a60741005",
    "gender": "female",
    "birthday": "1961-09-22T08:48:40.000Z",
    "name": {
      "first": "ella",
      "last": "baker"
    },
    "__v": 0
  },
  {
    "_id": "59273a8890347f4a60741006",
    "gender": "male",
    "birthday": "1979-04-20T11:43:44.000Z",
    "name": {
      "first": "austin",
      "last": "brown"
    },
    "__v": 0
  },
  {
    "_id": "59273a8990347f4a60741007",
    "gender": "male",
    "birthday": "1969-03-24T21:44:48.000Z",
    "name": {
      "first": "william",
      "last": "moore"
    },
    "__v": 0
  },
  {
    "_id": "59273a8990347f4a60741008",
    "gender": "female",
    "birthday": "1973-11-07T15:13:13.000Z",
    "name": {
      "first": "teresa",
      "last": "robinson"
    },
    "__v": 0
  },
  {
    "_id": "59273a8990347f4a60741009",
    "gender": "female",
    "birthday": "1964-05-13T22:44:02.000Z",
    "name": {
      "first": "julie",
      "last": "ray"
    },
    "__v": 0
  },
  {
    "_id": "59273a8a90347f4a6074100a",
    "gender": "male",
    "birthday": "1962-07-07T14:11:56.000Z",
    "name": {
      "first": "billy",
      "last": "cooper"
    },
    "__v": 0
  },
  {
    "_id": "59273a8a90347f4a6074100b",
    "gender": "male",
    "birthday": "1989-01-13T03:40:47.000Z",
    "name": {
      "first": "earl",
      "last": "cruz"
    },
    "__v": 0
  },
  {
    "_id": "59273a8a90347f4a6074100c",
    "gender": "male",
    "birthday": "1988-02-03T19:59:54.000Z",
    "name": {
      "first": "jonathan",
      "last": "bowman"
    },
    "__v": 0
  },
  {
    "_id": "59273a8b90347f4a6074100d",
    "gender": "female",
    "birthday": "1959-03-03T11:29:08.000Z",
    "name": {
      "first": "kelly",
      "last": "hart"
    },
    "__v": 0
  },
  {
    "_id": "59273a8b90347f4a6074100e",
    "gender": "male",
    "birthday": "1958-12-14T01:06:53.000Z",
    "name": {
      "first": "hugh",
      "last": "andrews"
    },
    "__v": 0
  },
  {
    "_id": "59273a8b90347f4a6074100f",
    "gender": "male",
    "birthday": "1947-07-24T00:30:58.000Z",
    "name": {
      "first": "enrique",
      "last": "stevens"
    },
    "__v": 0
  },
  {
    "_id": "59273a8d90347f4a60741010",
    "gender": "female",
    "birthday": "1994-06-16T09:52:22.000Z",
    "name": {
      "first": "aubree",
      "last": "ellis"
    },
    "__v": 0
  },
  {
    "_id": "59273a8d90347f4a60741011",
    "gender": "male",
    "birthday": "1976-08-12T18:21:24.000Z",
    "name": {
      "first": "ben",
      "last": "hunt"
    },
    "__v": 0
  },
  {
    "_id": "59273a8d90347f4a60741012",
    "gender": "male",
    "birthday": "1985-11-04T07:43:55.000Z",
    "name": {
      "first": "fred",
      "last": "curtis"
    },
    "__v": 0
  },
  {
    "_id": "59273a8e90347f4a60741013",
    "gender": "female",
    "birthday": "1965-10-05T08:50:02.000Z",
    "name": {
      "first": "gabriella",
      "last": "hanson"
    },
    "__v": 0
  },
  {
    "_id": "59273a8e90347f4a60741014",
    "gender": "female",
    "birthday": "1973-03-11T08:39:15.000Z",
    "name": {
      "first": "paula",
      "last": "lee"
    },
    "__v": 0
  },
  {
    "_id": "59273a8e90347f4a60741015",
    "gender": "male",
    "birthday": "1969-12-14T12:48:12.000Z",
    "name": {
      "first": "steven",
      "last": "watson"
    },
    "__v": 0
  },
  {
    "_id": "59273a8e90347f4a60741016",
    "gender": "female",
    "birthday": "1951-03-12T17:26:10.000Z",
    "name": {
      "first": "tonya",
      "last": "hansen"
    },
    "__v": 0
  },
  {
    "_id": "59273a8e90347f4a60741017",
    "gender": "male",
    "birthday": "1989-01-31T14:21:46.000Z",
    "name": {
      "first": "kyle",
      "last": "garcia"
    },
    "__v": 0
  },
  {
    "_id": "59273a8e90347f4a60741018",
    "gender": "female",
    "birthday": "1950-11-12T22:45:39.000Z",
    "name": {
      "first": "ethel",
      "last": "lane"
    },
    "__v": 0
  },
  {
    "_id": "59273a8f90347f4a60741019",
    "gender": "male",
    "birthday": "1994-03-01T02:16:46.000Z",
    "name": {
      "first": "jack",
      "last": "jensen"
    },
    "__v": 0
  },
  {
    "_id": "59273a8f90347f4a6074101a",
    "gender": "male",
    "birthday": "1992-03-02T13:38:55.000Z",
    "name": {
      "first": "lawrence",
      "last": "stanley"
    },
    "__v": 0
  },
  {
    "_id": "59273a8f90347f4a6074101b",
    "gender": "male",
    "birthday": "1980-12-07T03:06:29.000Z",
    "name": {
      "first": "jack",
      "last": "jones"
    },
    "__v": 0
  }
]
